2025-09-05,15:15,2025-09-05,17:00
2025-09-05,13:15,2025-09-05,15:00
2025-09-08,10:15,2025-09-08,12:00
2025-09-08,13:15,2025-09-08,15:00
2025-09-09,08:15,2025-09-09,10:00
2025-09-09,10:15,2025-09-09,12:00
2025-09-09,13:15,2025-09-09,15:00
2025-09-09,15:15,2025-09-09,17:00
2025-09-11,10:15,2025-09-11,12:00
2025-09-11,13:15,2025-09-11,15:00
2025-09-12,10:15,2025-09-12,12:00
2025-09-12,13:15,2025-09-12,15:00
2025-09-12,15:15,2025-09-12,17:00
2025-09-15,08:15,2025-09-15,10:00
2025-09-15,13:15,2025-09-15,15:00
2025-09-16,10:15,2025-09-16,12:00
2025-09-16,13:15,2025-09-16,15:00
2025-09-16,15:15,2025-09-16,17:00
2025-09-17,10:15,2025-09-17,12:00
2025-09-17,15:15,2025-09-17,17:00
2025-09-18,13:15,2025-09-18,15:00
2025-09-19,08:15,2025-09-19,10:00
2025-09-19,10:15,2025-09-19,12:00
2025-09-19,13:15,2025-09-19,15:00
2025-09-22,08:15,2025-09-22,12:00
2025-09-22,13:15,2025-09-22,15:00
2025-09-22,13:15,2025-09-22,15:00
2025-09-22,15:15,2025-09-22,17:00
2025-09-23,10:15,2025-09-23,12:00
2025-09-23,13:15,2025-09-23,15:00
2025-09-24,10:15,2025-09-24,12:00
2025-09-24,15:15,2025-09-24,17:00
2025-09-25,08:15,2025-09-25,12:00
2025-09-25,15:15,2025-09-25,17:00
2025-09-26,08:15,2025-09-26,12:00
2025-09-26,10:15,2025-09-26,12:00
2025-09-26,13:15,2025-09-26,17:00
2025-09-26,13:15,2025-09-26,15:00
2025-09-29,09:15,2025-09-29,10:00
2025-09-29,10:15,2025-09-29,12:00
2025-09-29,13:15,2025-09-29,15:00
2025-09-29,15:15,2025-09-29,17:00
2025-09-30,10:15,2025-09-30,12:00
2025-09-30,13:15,2025-09-30,15:00
2025-09-30,15:15,2025-09-30,17:00
2025-10-01,08:15,2025-10-01,12:00
2025-10-01,13:15,2025-10-01,17:00
2025-10-01,13:15,2025-10-01,15:00
2025-10-02,08:15,2025-10-02,10:00
2025-10-03,08:15,2025-10-03,10:00
2025-10-03,10:15,2025-10-03,12:00
2025-10-03,13:15,2025-10-03,15:00
2025-10-03,15:15,2025-10-03,17:00
2025-10-06,10:15,2025-10-06,12:00
2025-10-06,13:15,2025-10-06,15:00
2025-10-06,15:15,2025-10-06,17:00
2025-10-07,10:15,2025-10-07,12:00
2025-10-07,13:15,2025-10-07,15:00
2025-10-07,15:15,2025-10-07,17:00
2025-10-08,08:15,2025-10-08,12:00
2025-10-08,08:15,2025-10-08,10:00
2025-10-08,13:15,2025-10-08,17:00
2025-10-09,10:15,2025-10-09,12:00
2025-10-10,08:15,2025-10-10,12:00
2025-10-10,10:15,2025-10-10,12:00
2025-10-10,13:15,2025-10-10,17:00
2025-10-10,13:15,2025-10-10,15:00
2025-10-13,08:15,2025-10-13,12:00
2025-10-13,13:15,2025-10-13,15:00
2025-10-13,15:15,2025-10-13,17:00
2025-10-14,10:15,2025-10-14,12:00
2025-10-14,13:15,2025-10-14,15:00
2025-10-14,15:15,2025-10-14,17:00
2025-10-15,08:15,2025-10-15,12:00
2025-10-15,13:15,2025-10-15,17:00
2025-10-16,10:15,2025-10-16,12:00
2025-10-17,10:15,2025-10-17,12:00
2025-10-17,13:15,2025-10-17,15:00
2025-10-17,15:15,2025-10-17,17:00
2025-10-20,10:15,2025-10-20,12:00
2025-10-20,15:15,2025-10-20,17:00
2025-10-21,08:15,2025-10-21,10:00
2025-10-21,10:15,2025-10-21,12:00
2025-10-21,13:15,2025-10-21,15:00
2025-10-21,15:15,2025-10-21,17:00
2025-10-22,13:15,2025-10-22,17:00
2025-10-24,08:00,2025-10-24,17:00
2025-10-27,08:00,2025-10-27,17:00
2025-10-31,08:00,2025-10-31,17:00
2025-11-03,08:15,2025-11-03,10:00
2025-11-03,10:15,2025-11-03,12:00
2025-11-03,15:15,2025-11-03,17:00
2025-11-04,08:15,2025-11-04,10:00
2025-11-04,10:15,2025-11-04,12:00
2025-11-05,13:15,2025-11-05,17:00
2025-11-06,08:00,2025-11-06,17:00
2025-11-06,10:15,2025-11-06,12:00
2025-11-07,08:15,2025-11-07,12:00
2025-11-07,15:15,2025-11-07,17:00
2025-11-10,10:15,2025-11-10,12:00
2025-11-10,13:15,2025-11-10,15:00
2025-11-10,15:15,2025-11-10,17:00
2025-11-11,13:15,2025-11-11,15:00
2025-11-12,10:15,2025-11-12,12:00
2025-11-12,13:15,2025-11-12,15:00
2025-11-13,08:15,2025-11-13,10:00
2025-11-13,10:15,2025-11-13,12:00
2025-11-13,15:15,2025-11-13,17:00
2025-11-14,08:15,2025-11-14,10:00
2025-11-14,10:15,2025-11-14,12:00
2025-11-14,13:15,2025-11-14,15:00
2025-11-17,13:15,2025-11-17,15:00
2025-11-17,15:15,2025-11-17,17:00
2025-11-18,08:15,2025-11-18,10:00
2025-11-18,15:15,2025-11-18,17:00
2025-11-19,13:15,2025-11-19,15:00
2025-11-19,15:15,2025-11-19,17:00
2025-11-20,08:15,2025-11-20,10:00
2025-11-20,10:15,2025-11-20,12:00
2025-11-20,13:15,2025-11-20,15:00
2025-11-21,10:15,2025-11-21,12:00
2025-11-24,08:15,2025-11-24,10:00
2025-11-24,13:15,2025-11-24,15:00
2025-11-25,13:15,2025-11-25,15:00
2025-11-26,10:15,2025-11-26,12:00
2025-11-26,15:15,2025-11-26,17:00
2025-11-27,08:15,2025-11-27,10:00
2025-11-27,13:15,2025-11-27,15:00
2025-11-28,10:15,2025-11-28,12:00
2025-12-01,10:15,2025-12-01,12:00
2025-12-01,13:15,2025-12-01,15:00
2025-12-02,13:15,2025-12-02,15:00
2025-12-03,10:15,2025-12-03,12:00
2025-12-03,15:15,2025-12-03,17:00
2025-12-04,09:15,2025-12-04,10:00
2025-12-04,13:15,2025-12-04,15:00
2025-12-05,08:15,2025-12-05,10:00
2025-12-05,13:15,2025-12-05,15:00
2025-12-08,10:15,2025-12-08,12:00
2025-12-08,15:15,2025-12-08,17:00
2025-12-09,08:15,2025-12-09,10:00
2025-12-09,10:15,2025-12-09,12:00
2025-12-09,13:15,2025-12-09,15:00
2025-12-10,10:15,2025-12-10,12:00
2025-12-10,13:15,2025-12-10,15:00
2025-12-11,08:15,2025-12-11,10:00
2025-12-11,10:15,2025-12-11,12:00
2025-12-12,10:15,2025-12-12,12:00
2025-12-12,13:15,2025-12-12,15:00
2025-12-12,13:15,2025-12-12,15:00
2025-12-15,08:15,2025-12-15,10:00
2025-12-15,10:15,2025-12-15,12:00
2025-12-15,15:15,2025-12-15,16:00
2025-12-16,08:15,2025-12-16,10:00
2025-12-16,15:15,2025-12-16,17:00
2025-12-17,13:15,2025-12-17,15:00
2025-12-18,08:15,2025-12-18,10:00
2025-12-18,15:15,2025-12-18,17:00
2025-12-19,10:15,2025-12-19,12:00
2025-12-24,00:00,2025-12-25,00:00
2025-12-25,00:00,2025-12-26,00:00
2025-12-26,00:00,2025-12-27,00:00
2025-12-31,00:00,2026-01-01,00:00
2026-01-01,00:00,2026-01-02,00:00
2026-01-05,08:00,2026-01-05,17:00
2026-01-06,00:00,2026-01-07,00:00
2026-01-08,08:00,2026-01-08,17:00
2026-01-12,08:00,2026-01-12,17:00
2026-01-13,08:00,2026-01-13,17:00